id,cond_meandiff,cond_sd,cond_t,cond_df,cond_p,sd_meandiff,sd_sd,sd_t,sd_df,sd_p
R_2wSKg87au0HMnQz,-75.3646,64.84706,-5.81095,24,5.43332E-06,1.56084,26.07364,0.29931,24,0.76728
R_2xGdIQpSQcgsi44,-170.15708,143.01687,-5.94885,24,3.86449E-06,-9.1359,57.68696,-0.79185,24,0.4362
